<?xml version = '1.0' encoding = 'UTF-8'?>
<relationalModel class="oracle.dbtools.crest.model.design.relational.RelationalDesign" name="Relational_1" id="9F5F2EC9-1037-D7A2-2413-56DA5CFB6A97" mainViewID="C3E3DCDC-41EE-CBCF-D3D9-6788DC8C8342">
<createdBy>axel.chepanski</createdBy>
<createdTime>2025-04-04 13:47:58 UTC</createdTime>
<ownerDesignName>modelagem_snowflake</ownerDesignName>
<shouldBeOpen>false</shouldBeOpen>
<selectedRDBMSSite>79C73AAF-E1A7-E669-7DF0-025EE81A2AFC</selectedRDBMSSite>
<redirectConnectionStamp class="oracle.dbtools.crest.imports.DBConnectionStamp">
<connName>FIAP</connName>
<connUser>RM557311</connUser>
<connType>1</connType>
<syncSelected>-1</syncSelected>
</redirectConnectionStamp>
<importConnectionStamps>
<importConnectionStamp class="oracle.dbtools.crest.imports.DBConnectionStamp">
<connName>FIAP</connName>
<connUser>RM557311</connUser>
<connType>1</connType>
<syncSelected>1</syncSelected>
</importConnectionStamp>
</importConnectionStamps>
</relationalModel>
