<?xml version = '1.0' encoding = 'UTF-8'?>
<UserOraclev10g class="oracle.dbtools.crest.model.design.storage.oracle.v10g.UserOraclev10g" name="RM557311" directorySegmentName="seg_0" id="6AAB84B2-9DA6-7E6E-2168-26B97A2FBFA5">
<sourceConnName>FIAP</sourceConnName>
<sourceObjName>RM557311</sourceObjName>
<createdBy>axel.chepanski</createdBy>
<createdTime>2025-04-04 13:50:12 UTC</createdTime>
<ownerDesignName>modelagem_snowflake</ownerDesignName>
<schemaObject>5BC418C1-74CB-7FFB-17D5-FA20A8622766</schemaObject>
</UserOraclev10g>
