<?xml version = '1.0' encoding = 'UTF-8'?>
<Table class="oracle.dbtools.crest.model.design.relational.Table" directorySegmentName="seg_0" id="0C803154-1425-0D31-5337-84F22CBC8285" name="DIM_ENTREGADOR">
<sourceConnName>FIAP</sourceConnName>
<sourceObjSchema>RM557311</sourceObjSchema>
<sourceObjName>DIM_ENTREGADOR</sourceObjName>
<createdBy>axel.chepanski</createdBy>
<createdTime>2025-04-04 13:50:13 UTC</createdTime>
<commentInRDBMS><![CDATA[Dimensão que armazena dados de cada entregador (pessoa responsável pelo transporte).]]></commentInRDBMS>
<ownerDesignName>modelagem_snowflake</ownerDesignName>
<typeID>2</typeID>
<allowColumnReorder>false</allowColumnReorder>
<existDependencyGenerateInDDl>true</existDependencyGenerateInDDl>
<parsed>true</parsed>
<columns itemClass="oracle.dbtools.crest.model.design.relational.Column">
<Column name="SK_ENTREGADOR" id="6FDBE684-47C6-EE40-3C02-FC031F444C2F">
<sourceConnName>FIAP</sourceConnName>
<sourceObjSchema>DIM_ENTREGADOR</sourceObjSchema>
<sourceObjName>FK_DIM_ENTREGADOR</sourceObjName>
<createdBy>axel.chepanski</createdBy>
<createdTime>2025-04-04 13:50:14 UTC</createdTime>
<commentInRDBMS><![CDATA[Chave primária gerada por IDENTITY para a dimensão ENTREGADOR.]]></commentInRDBMS>
<ownerDesignName>modelagem_snowflake</ownerDesignName>
<useDomainConstraints>false</useDomainConstraints>
<use>1</use>
<logicalDatatype>LOGDT019</logicalDatatype>
<ownDataTypeParameters>,,</ownDataTypeParameters>
<autoIncrementColumn>true</autoIncrementColumn>
<identityColumn>true</identityColumn>
<defaultOntNull>true</defaultOntNull>
<autoIncrementCycle>false</autoIncrementCycle>
<autoIncrementDisableCache>false</autoIncrementDisableCache>
<autoIncrementCache>20</autoIncrementCache>
<autoIncrementOrder>false</autoIncrementOrder>
</Column>
<Column name="NOME_ENTREGADOR" id="A8A7E4D5-EA45-9921-C19C-167D6A464BBA">
<sourceConnName>FIAP</sourceConnName>
<sourceObjSchema>DIM_ENTREGADOR</sourceObjSchema>
<sourceObjName>NOME_ENTREGADOR</sourceObjName>
<createdBy>axel.chepanski</createdBy>
<createdTime>2025-04-04 13:50:14 UTC</createdTime>
<commentInRDBMS><![CDATA[Nome do entregador ou profissional responsável pelo envio.]]></commentInRDBMS>
<ownerDesignName>modelagem_snowflake</ownerDesignName>
<useDomainConstraints>false</useDomainConstraints>
<use>1</use>
<logicalDatatype>LOGDT024</logicalDatatype>
<dataTypeSize>100 BYTE</dataTypeSize>
<ownDataTypeParameters>100 BYTE,,</ownDataTypeParameters>
<autoIncrementCycle>false</autoIncrementCycle>
</Column>
</columns>
<indexes itemClass="oracle.dbtools.crest.model.design.relational.Index">
<ind_PK_UK id="6DC5A0A5-D7AE-C157-724F-C835A9455EAD" name="PK_DIM_ENTREGADOR">
<sourceConnName>FIAP</sourceConnName>
<sourceObjSchema>RM557311</sourceObjSchema>
<sourceObjName>PK_DIM_ENTREGADOR</sourceObjName>
<createdBy>axel.chepanski</createdBy>
<createdTime>2025-04-04 13:50:28 UTC</createdTime>
<ownerDesignName>modelagem_snowflake</ownerDesignName>
<pk>true</pk>
<indexState>Primary Constraint</indexState>
<isSurrogateKey>false</isSurrogateKey>
<indexColumnUsage>
<colUsage columnID="6FDBE684-47C6-EE40-3C02-FC031F444C2F"/>
</indexColumnUsage>
</ind_PK_UK>
<ind_PK_UK id="91038FDF-932B-B9AD-0D21-5B55C2ABD22E" schemaObject="5BC418C1-74CB-7FFB-17D5-FA20A8622766" name="PK_DIM_ENTREGADOR">
<sourceConnName>FIAP</sourceConnName>
<sourceObjSchema>RM557311</sourceObjSchema>
<sourceObjName>PK_DIM_ENTREGADOR</sourceObjName>
<createdBy>axel.chepanski</createdBy>
<createdTime>2025-04-04 13:50:16 UTC</createdTime>
<ownerDesignName>modelagem_snowflake</ownerDesignName>
<indexState>Unique Plain Index</indexState>
<isSurrogateKey>false</isSurrogateKey>
<indexColumnUsage>
<colUsage columnID="6FDBE684-47C6-EE40-3C02-FC031F444C2F"/>
</indexColumnUsage>
</ind_PK_UK>
</indexes>
</Table>