<?xml version = '1.0' encoding = 'UTF-8'?>
<Table class="oracle.dbtools.crest.model.design.relational.Table" directorySegmentName="seg_0" id="1F91FC22-33F4-01B1-51E9-A879183A747A" name="DIM_CIDADE">
<sourceConnName>FIAP</sourceConnName>
<sourceObjSchema>RM557311</sourceObjSchema>
<sourceObjName>DIM_CIDADE</sourceObjName>
<createdBy>axel.chepanski</createdBy>
<createdTime>2025-04-04 13:50:13 UTC</createdTime>
<commentInRDBMS><![CDATA[Dimensão que armazena dados das cidades, referenciando o Estado ao qual pertence.]]></commentInRDBMS>
<ownerDesignName>modelagem_snowflake</ownerDesignName>
<typeID>2</typeID>
<allowColumnReorder>false</allowColumnReorder>
<existDependencyGenerateInDDl>true</existDependencyGenerateInDDl>
<parsed>true</parsed>
<columns itemClass="oracle.dbtools.crest.model.design.relational.Column">
<Column name="SK_CIDADE" id="3EF2F931-6D31-0B4D-4785-FAC4F87BAFA5">
<sourceConnName>FIAP</sourceConnName>
<sourceObjSchema>DIM_CIDADE</sourceObjSchema>
<sourceObjName>FK_DIM_CIDADE</sourceObjName>
<createdBy>axel.chepanski</createdBy>
<createdTime>2025-04-04 13:50:14 UTC</createdTime>
<commentInRDBMS><![CDATA[Chave primária gerada por IDENTITY para a dimensão CIDADE.]]></commentInRDBMS>
<ownerDesignName>modelagem_snowflake</ownerDesignName>
<useDomainConstraints>false</useDomainConstraints>
<use>1</use>
<logicalDatatype>LOGDT019</logicalDatatype>
<ownDataTypeParameters>,,</ownDataTypeParameters>
<autoIncrementColumn>true</autoIncrementColumn>
<identityColumn>true</identityColumn>
<defaultOntNull>true</defaultOntNull>
<autoIncrementCycle>false</autoIncrementCycle>
<autoIncrementDisableCache>false</autoIncrementDisableCache>
<autoIncrementCache>20</autoIncrementCache>
<autoIncrementOrder>false</autoIncrementOrder>
</Column>
<Column name="SK_ESTADO" id="627F7161-810F-995E-8C4D-0132A11B69A9">
<createdBy>chiad</createdBy>
<createdTime>2025-04-04 18:07:51 UTC</createdTime>
<ownerDesignName>modelagem_snowflake</ownerDesignName>
<useDomainConstraints>false</useDomainConstraints>
<use>1</use>
<logicalDatatype>LOGDT019</logicalDatatype>
<ownDataTypeParameters>,,</ownDataTypeParameters>
<previousColumn>false</previousColumn>
<autoIncrementCycle>false</autoIncrementCycle>
<associations>
<colAssociation fkAssociation="92913D8B-DF60-0D94-442A-4BFDC515163E" referredColumn="25C75389-1427-3207-9973-D16098C24C2F"/>
</associations>
</Column>
<Column name="NOME_CIDADE" id="A5D8AA1D-2B2D-6B54-530A-A729BA031EC4">
<sourceConnName>FIAP</sourceConnName>
<sourceObjSchema>DIM_CIDADE</sourceObjSchema>
<sourceObjName>NOME_CIDADE</sourceObjName>
<createdBy>axel.chepanski</createdBy>
<createdTime>2025-04-04 13:50:14 UTC</createdTime>
<commentInRDBMS><![CDATA[Nome do município (por exemplo, São Paulo, Curitiba).]]></commentInRDBMS>
<ownerDesignName>modelagem_snowflake</ownerDesignName>
<useDomainConstraints>false</useDomainConstraints>
<use>1</use>
<logicalDatatype>LOGDT024</logicalDatatype>
<dataTypeSize>100 BYTE</dataTypeSize>
<ownDataTypeParameters>100 BYTE,,</ownDataTypeParameters>
<autoIncrementCycle>false</autoIncrementCycle>
</Column>
<Column name="NR_POPULACAO" id="99F04733-26CB-D715-41D4-C0A5E757409B">
<sourceConnName>FIAP</sourceConnName>
<sourceObjSchema>DIM_CIDADE</sourceObjSchema>
<sourceObjName>NR_POPULACAO</sourceObjName>
<createdBy>axel.chepanski</createdBy>
<createdTime>2025-04-04 13:50:14 UTC</createdTime>
<commentInRDBMS><![CDATA[População estimada da cidade.]]></commentInRDBMS>
<ownerDesignName>modelagem_snowflake</ownerDesignName>
<nullsAllowed>true</nullsAllowed>
<useDomainConstraints>false</useDomainConstraints>
<use>1</use>
<logicalDatatype>LOGDT019</logicalDatatype>
<dataTypePrecision>10</dataTypePrecision>
<dataTypeScale>0</dataTypeScale>
<ownDataTypeParameters>,10,0</ownDataTypeParameters>
<autoIncrementCycle>false</autoIncrementCycle>
</Column>
<Column name="CODIGO_IBGE" id="B04E5C99-BD72-A9C4-FCA0-5E961F84B133">
<sourceConnName>FIAP</sourceConnName>
<sourceObjSchema>DIM_CIDADE</sourceObjSchema>
<sourceObjName>CODIGO_IBGE</sourceObjName>
<createdBy>axel.chepanski</createdBy>
<createdTime>2025-04-04 13:50:14 UTC</createdTime>
<commentInRDBMS><![CDATA[Código da cidade segundo o IBGE.]]></commentInRDBMS>
<ownerDesignName>modelagem_snowflake</ownerDesignName>
<nullsAllowed>true</nullsAllowed>
<useDomainConstraints>false</useDomainConstraints>
<use>1</use>
<logicalDatatype>LOGDT019</logicalDatatype>
<dataTypePrecision>10</dataTypePrecision>
<dataTypeScale>0</dataTypeScale>
<ownDataTypeParameters>,10,0</ownDataTypeParameters>
<autoIncrementCycle>false</autoIncrementCycle>
</Column>
<Column name="ALTITUDE" id="A9D899D6-F0C4-765E-459E-6D3DEE484CB7">
<sourceConnName>FIAP</sourceConnName>
<sourceObjSchema>DIM_CIDADE</sourceObjSchema>
<sourceObjName>ALTITUDE</sourceObjName>
<createdBy>axel.chepanski</createdBy>
<createdTime>2025-04-04 13:50:14 UTC</createdTime>
<commentInRDBMS><![CDATA[Altitude média da cidade em metros.]]></commentInRDBMS>
<ownerDesignName>modelagem_snowflake</ownerDesignName>
<nullsAllowed>true</nullsAllowed>
<useDomainConstraints>false</useDomainConstraints>
<use>1</use>
<logicalDatatype>LOGDT019</logicalDatatype>
<dataTypePrecision>5</dataTypePrecision>
<dataTypeScale>0</dataTypeScale>
<ownDataTypeParameters>,5,0</ownDataTypeParameters>
<autoIncrementCycle>false</autoIncrementCycle>
</Column>
</columns>
<indexes itemClass="oracle.dbtools.crest.model.design.relational.Index">
<ind_PK_UK id="52FC6230-999D-8AF2-E1E0-34FB2FC62B9E" name="PK_DIM_CIDADE">
<sourceConnName>FIAP</sourceConnName>
<sourceObjSchema>RM557311</sourceObjSchema>
<sourceObjName>PK_DIM_CIDADE</sourceObjName>
<createdBy>axel.chepanski</createdBy>
<createdTime>2025-04-04 13:50:28 UTC</createdTime>
<ownerDesignName>modelagem_snowflake</ownerDesignName>
<pk>true</pk>
<indexState>Primary Constraint</indexState>
<isSurrogateKey>false</isSurrogateKey>
<indexColumnUsage>
<colUsage columnID="3EF2F931-6D31-0B4D-4785-FAC4F87BAFA5"/>
</indexColumnUsage>
</ind_PK_UK>
<ind_PK_UK id="A4867D3B-D1D3-9BAF-8FCB-4394B2B5A630" schemaObject="5BC418C1-74CB-7FFB-17D5-FA20A8622766" name="PK_DIM_CIDADE">
<sourceConnName>FIAP</sourceConnName>
<sourceObjSchema>RM557311</sourceObjSchema>
<sourceObjName>PK_DIM_CIDADE</sourceObjName>
<createdBy>axel.chepanski</createdBy>
<createdTime>2025-04-04 13:50:16 UTC</createdTime>
<ownerDesignName>modelagem_snowflake</ownerDesignName>
<indexState>Unique Plain Index</indexState>
<isSurrogateKey>false</isSurrogateKey>
<indexColumnUsage>
<colUsage columnID="3EF2F931-6D31-0B4D-4785-FAC4F87BAFA5"/>
</indexColumnUsage>
</ind_PK_UK>
<ind_PK_UK id="C5D9D31B-38F3-D070-88FB-FF2044F3A9AB" name="FK_CIDADE_ESTADO">
<createdBy>chiad</createdBy>
<createdTime>2025-04-04 18:07:51 UTC</createdTime>
<ownerDesignName>modelagem_snowflake</ownerDesignName>
<indexState>Foreign Key</indexState>
<isSurrogateKey>false</isSurrogateKey>
<indexColumnUsage>
<colUsage columnID="627F7161-810F-995E-8C4D-0132A11B69A9"/>
</indexColumnUsage>
</ind_PK_UK>
</indexes>
</Table>