<?xml version = '1.0' encoding = 'UTF-8'?>
<Table class="oracle.dbtools.crest.model.design.relational.Table" directorySegmentName="seg_0" id="F8339144-8B7C-4691-51CA-802CDE421646" name="FATO_ENTREGA">
<sourceConnName>FIAP</sourceConnName>
<sourceObjSchema>RM557311</sourceObjSchema>
<sourceObjName>FATO_ENTREGA</sourceObjName>
<createdBy>axel.chepanski</createdBy>
<createdTime>2025-04-04 13:50:13 UTC</createdTime>
<commentInRDBMS><![CDATA[Tabela Fato (grão: Pedido + Item). Armazena medições de entrega, ligando-se às dimensões Cliente, Produto, CD, Entregador e Datas.]]></commentInRDBMS>
<ownerDesignName>modelagem_snowflake</ownerDesignName>
<typeID>1</typeID>
<allowColumnReorder>false</allowColumnReorder>
<existDependencyGenerateInDDl>true</existDependencyGenerateInDDl>
<parsed>true</parsed>
<columns itemClass="oracle.dbtools.crest.model.design.relational.Column">
<Column name="SK_PRODUTO" id="121545B6-033E-3F41-64E1-914F0934CE39">
<createdBy>chiad</createdBy>
<createdTime>2025-04-04 17:13:07 UTC</createdTime>
<commentInRDBMS><![CDATA[FK para DIM_PRODUTO.]]></commentInRDBMS>
<ownerDesignName>modelagem_snowflake</ownerDesignName>
<useDomainConstraints>false</useDomainConstraints>
<use>1</use>
<logicalDatatype>LOGDT019</logicalDatatype>
<ownDataTypeParameters>,,</ownDataTypeParameters>
<previousColumn>false</previousColumn>
<autoIncrementCycle>false</autoIncrementCycle>
<associations>
<colAssociation fkAssociation="54374C77-2491-86B7-A198-59D333F5D96C" referredColumn="40423750-C8F6-79FB-1144-EAAC7983B660"/>
</associations>
</Column>
<Column name="SK_CENTRO_DISTRIBUICAO" id="C394DCBB-A110-3EDC-5A9B-CAB44741B318">
<createdBy>chiad</createdBy>
<createdTime>2025-04-04 17:22:46 UTC</createdTime>
<commentInRDBMS><![CDATA[FK para DIM_CENTRO_DISTRIBUICAO (qual CD despachou o produto).]]></commentInRDBMS>
<ownerDesignName>modelagem_snowflake</ownerDesignName>
<useDomainConstraints>false</useDomainConstraints>
<use>1</use>
<logicalDatatype>LOGDT019</logicalDatatype>
<ownDataTypeParameters>,,</ownDataTypeParameters>
<previousColumn>false</previousColumn>
<autoIncrementCycle>false</autoIncrementCycle>
<associations>
<colAssociation fkAssociation="E12A3489-0E01-CA22-5E83-07F794F498C3" referredColumn="31CD05A8-CD6F-80AA-7D60-6DBA9D563888"/>
</associations>
</Column>
<Column name="SK_DATA_PREV" id="1EE3F901-7E69-81ED-B483-D3FB1FBD993C">
<createdBy>chiad</createdBy>
<createdTime>2025-04-04 18:10:31 UTC</createdTime>
<commentInRDBMS><![CDATA[FK para a data de previsão da DIM_DATA.]]></commentInRDBMS>
<ownerDesignName>modelagem_snowflake</ownerDesignName>
<useDomainConstraints>false</useDomainConstraints>
<use>1</use>
<logicalDatatype>LOGDT019</logicalDatatype>
<ownDataTypeParameters>,,</ownDataTypeParameters>
<previousColumn>false</previousColumn>
<autoIncrementCycle>false</autoIncrementCycle>
<associations>
<colAssociation fkAssociation="B4B1896F-98AF-DDB9-8C12-6AB4D0CC1B45" referredColumn="64F10A2A-3941-982F-2144-22E43D7C9AC4"/>
</associations>
</Column>
<Column name="SK_DATA_PED" id="8F2CA6A8-82A3-6647-507C-917FEAF41DA8">
<createdBy>chiad</createdBy>
<createdTime>2025-04-04 18:14:23 UTC</createdTime>
<commentInRDBMS><![CDATA[FK para a data do pedido da DIM_DATA.]]></commentInRDBMS>
<ownerDesignName>modelagem_snowflake</ownerDesignName>
<useDomainConstraints>false</useDomainConstraints>
<use>1</use>
<logicalDatatype>LOGDT019</logicalDatatype>
<ownDataTypeParameters>,,</ownDataTypeParameters>
<previousColumn>false</previousColumn>
<autoIncrementCycle>false</autoIncrementCycle>
<associations>
<colAssociation fkAssociation="CC26E392-1173-3B2A-5CCB-CFAE39299F57" referredColumn="64F10A2A-3941-982F-2144-22E43D7C9AC4"/>
</associations>
</Column>
<Column name="SK_CLIENTE" id="D49166AE-0F05-0A56-96DC-1ADC6307A835">
<sourceConnName>FIAP</sourceConnName>
<sourceObjSchema>FATO_ENTREGA</sourceObjSchema>
<sourceObjName>ID_CLIENTE</sourceObjName>
<createdBy>axel.chepanski</createdBy>
<createdTime>2025-04-04 13:50:14 UTC</createdTime>
<commentInRDBMS><![CDATA[FK para DIM_CLIENTE (quem recebe o produto).]]></commentInRDBMS>
<ownerDesignName>modelagem_snowflake</ownerDesignName>
<useDomainConstraints>false</useDomainConstraints>
<use>1</use>
<logicalDatatype>LOGDT019</logicalDatatype>
<ownDataTypeParameters>,,</ownDataTypeParameters>
<autoIncrementCycle>false</autoIncrementCycle>
<associations>
<colAssociation fkAssociation="F3498B6C-E717-B143-EE5A-5CA41A6D3D43" referredColumn="53E38D28-D8F3-E888-55C4-3F6D62BE2102"/>
</associations>
</Column>
<Column name="NR_PEDIDO" id="04F030C9-E7D1-4339-4479-56B56620515C">
<sourceConnName>FIAP</sourceConnName>
<sourceObjSchema>FATO_ENTREGA</sourceObjSchema>
<sourceObjName>FK_FATO_ENTREGA_PEDIDO</sourceObjName>
<createdBy>axel.chepanski</createdBy>
<createdTime>2025-04-04 13:50:14 UTC</createdTime>
<commentInRDBMS><![CDATA[Número do pedido (código natural do sistema transacional). Parte 1 da PK.]]></commentInRDBMS>
<ownerDesignName>modelagem_snowflake</ownerDesignName>
<useDomainConstraints>false</useDomainConstraints>
<use>1</use>
<logicalDatatype>LOGDT019</logicalDatatype>
<ownDataTypeParameters>,,</ownDataTypeParameters>
<autoIncrementCycle>false</autoIncrementCycle>
</Column>
<Column name="NR_ITEM" id="2CC8E1A9-F90D-105B-06BB-9521DB6CCAAA">
<sourceConnName>FIAP</sourceConnName>
<sourceObjSchema>FATO_ENTREGA</sourceObjSchema>
<sourceObjName>FK_FATO_ENTREGA_ITEM</sourceObjName>
<createdBy>axel.chepanski</createdBy>
<createdTime>2025-04-04 13:50:14 UTC</createdTime>
<commentInRDBMS><![CDATA[Número sequencial do item dentro do pedido. Parte 2 da PK.]]></commentInRDBMS>
<ownerDesignName>modelagem_snowflake</ownerDesignName>
<useDomainConstraints>false</useDomainConstraints>
<use>1</use>
<logicalDatatype>LOGDT019</logicalDatatype>
<ownDataTypeParameters>,,</ownDataTypeParameters>
<autoIncrementCycle>false</autoIncrementCycle>
</Column>
<Column name="SK_DATA_ENTREGA" id="AD30D27D-A58C-0381-EE4A-436C2E641FEF">
<createdBy>chiad</createdBy>
<createdTime>2025-04-04 18:12:49 UTC</createdTime>
<commentInRDBMS><![CDATA[FK para a data de entrega da DIM_DATA.]]></commentInRDBMS>
<ownerDesignName>modelagem_snowflake</ownerDesignName>
<useDomainConstraints>false</useDomainConstraints>
<use>1</use>
<logicalDatatype>LOGDT019</logicalDatatype>
<ownDataTypeParameters>,,</ownDataTypeParameters>
<previousColumn>false</previousColumn>
<autoIncrementCycle>false</autoIncrementCycle>
<associations>
<colAssociation fkAssociation="D82F7A67-FB85-6E7A-9D2B-372323E2BBA7" referredColumn="64F10A2A-3941-982F-2144-22E43D7C9AC4"/>
</associations>
</Column>
<Column name="SK_ENTREGADOR" id="2B39C691-D8D1-0900-DDF8-F07C35B1BFA7">
<sourceConnName>FIAP</sourceConnName>
<sourceObjSchema>FATO_ENTREGA</sourceObjSchema>
<sourceObjName>ID_ENTREGADOR</sourceObjName>
<createdBy>axel.chepanski</createdBy>
<createdTime>2025-04-04 13:50:14 UTC</createdTime>
<commentInRDBMS><![CDATA[FK para DIM_ENTREGADOR (profissional que realizou a entrega).]]></commentInRDBMS>
<ownerDesignName>modelagem_snowflake</ownerDesignName>
<nullsAllowed>true</nullsAllowed>
<useDomainConstraints>false</useDomainConstraints>
<use>1</use>
<logicalDatatype>LOGDT019</logicalDatatype>
<ownDataTypeParameters>,,</ownDataTypeParameters>
<autoIncrementCycle>false</autoIncrementCycle>
<associations>
<colAssociation fkAssociation="76D8557C-2060-F00F-C335-F303D15B71A1" referredColumn="6FDBE684-47C6-EE40-3C02-FC031F444C2F"/>
</associations>
</Column>
<Column name="QUANTIDADE" id="2F951338-63AA-6D7D-27B2-7CD58A27A120">
<sourceConnName>FIAP</sourceConnName>
<sourceObjSchema>FATO_ENTREGA</sourceObjSchema>
<sourceObjName>QUANTIDADE</sourceObjName>
<createdBy>axel.chepanski</createdBy>
<createdTime>2025-04-04 13:50:14 UTC</createdTime>
<commentInRDBMS><![CDATA[Quantidade de itens solicitados no pedido.]]></commentInRDBMS>
<ownerDesignName>modelagem_snowflake</ownerDesignName>
<useDomainConstraints>false</useDomainConstraints>
<use>1</use>
<logicalDatatype>LOGDT019</logicalDatatype>
<dataTypePrecision>10</dataTypePrecision>
<dataTypeScale>0</dataTypeScale>
<ownDataTypeParameters>,10,0</ownDataTypeParameters>
<autoIncrementCycle>false</autoIncrementCycle>
</Column>
<Column name="QT_PROD_ENTREGUE" id="A18B6CD0-5467-8979-94BE-7210CC1456E3">
<sourceConnName>FIAP</sourceConnName>
<sourceObjSchema>FATO_ENTREGA</sourceObjSchema>
<sourceObjName>QT_PROD_ENTREGUE</sourceObjName>
<createdBy>axel.chepanski</createdBy>
<createdTime>2025-04-04 13:50:14 UTC</createdTime>
<commentInRDBMS><![CDATA[Quantidade efetiva de itens que foram entregues (pode variar da quantidade pedida).]]></commentInRDBMS>
<ownerDesignName>modelagem_snowflake</ownerDesignName>
<useDomainConstraints>false</useDomainConstraints>
<use>1</use>
<logicalDatatype>LOGDT019</logicalDatatype>
<dataTypePrecision>10</dataTypePrecision>
<dataTypeScale>0</dataTypeScale>
<ownDataTypeParameters>,10,0</ownDataTypeParameters>
<autoIncrementCycle>false</autoIncrementCycle>
</Column>
<Column name="VL_UNITARIO" id="4D82C8A5-9D96-F9E7-CD0D-CE6A4CB714F2">
<sourceConnName>FIAP</sourceConnName>
<sourceObjSchema>FATO_ENTREGA</sourceObjSchema>
<sourceObjName>VL_UNITARIO</sourceObjName>
<createdBy>axel.chepanski</createdBy>
<createdTime>2025-04-04 13:50:14 UTC</createdTime>
<commentInRDBMS><![CDATA[Valor unitário do item no momento da compra.]]></commentInRDBMS>
<ownerDesignName>modelagem_snowflake</ownerDesignName>
<useDomainConstraints>false</useDomainConstraints>
<use>1</use>
<logicalDatatype>LOGDT019</logicalDatatype>
<dataTypePrecision>12</dataTypePrecision>
<dataTypeScale>2</dataTypeScale>
<ownDataTypeParameters>,12,2</ownDataTypeParameters>
<autoIncrementCycle>false</autoIncrementCycle>
</Column>
<Column name="VL_TOTAL" id="9A066BCE-AED9-7DDE-9065-73B539237EFC">
<sourceConnName>FIAP</sourceConnName>
<sourceObjSchema>FATO_ENTREGA</sourceObjSchema>
<sourceObjName>VL_TOTAL</sourceObjName>
<createdBy>axel.chepanski</createdBy>
<createdTime>2025-04-04 13:50:14 UTC</createdTime>
<commentInRDBMS><![CDATA[Valor total da linha, normalmente QUANTIDADE x VL_UNITARIO.]]></commentInRDBMS>
<ownerDesignName>modelagem_snowflake</ownerDesignName>
<useDomainConstraints>false</useDomainConstraints>
<use>1</use>
<logicalDatatype>LOGDT019</logicalDatatype>
<dataTypePrecision>12</dataTypePrecision>
<dataTypeScale>2</dataTypeScale>
<ownDataTypeParameters>,12,2</ownDataTypeParameters>
<autoIncrementCycle>false</autoIncrementCycle>
</Column>
<Column name="PERC_ICMS" id="7AC5430F-9D46-7E56-FBC5-BE187EE906C0">
<sourceConnName>FIAP</sourceConnName>
<sourceObjSchema>FATO_ENTREGA</sourceObjSchema>
<sourceObjName>PERC_ICMS</sourceObjName>
<createdBy>axel.chepanski</createdBy>
<createdTime>2025-04-04 13:50:14 UTC</createdTime>
<commentInRDBMS><![CDATA[Percentual de ICMS aplicado ao produto neste pedido.]]></commentInRDBMS>
<ownerDesignName>modelagem_snowflake</ownerDesignName>
<nullsAllowed>true</nullsAllowed>
<useDomainConstraints>false</useDomainConstraints>
<use>1</use>
<logicalDatatype>LOGDT019</logicalDatatype>
<dataTypePrecision>5</dataTypePrecision>
<dataTypeScale>2</dataTypeScale>
<ownDataTypeParameters>,5,2</ownDataTypeParameters>
<autoIncrementCycle>false</autoIncrementCycle>
</Column>
<Column name="NOTA_EMBALAGEM" id="120B5B07-1F5C-0F78-1CBA-2A07B6C82953">
<sourceConnName>FIAP</sourceConnName>
<sourceObjSchema>FATO_ENTREGA</sourceObjSchema>
<sourceObjName>NOTA_EMBALAGEM</sourceObjName>
<createdBy>axel.chepanski</createdBy>
<createdTime>2025-04-04 13:50:14 UTC</createdTime>
<commentInRDBMS><![CDATA[Avaliação (0 a 10) do cliente quanto à embalagem do produto.]]></commentInRDBMS>
<ownerDesignName>modelagem_snowflake</ownerDesignName>
<nullsAllowed>true</nullsAllowed>
<useDomainConstraints>false</useDomainConstraints>
<use>1</use>
<logicalDatatype>LOGDT019</logicalDatatype>
<dataTypePrecision>2</dataTypePrecision>
<dataTypeScale>0</dataTypeScale>
<ownDataTypeParameters>,2,0</ownDataTypeParameters>
<autoIncrementCycle>false</autoIncrementCycle>
</Column>
<Column name="NOTA_PONTUALIDADE" id="F42EBA6B-561C-AE8F-9F21-08F9F3A8E4B1">
<sourceConnName>FIAP</sourceConnName>
<sourceObjSchema>FATO_ENTREGA</sourceObjSchema>
<sourceObjName>NOTA_PONTUALIDADE</sourceObjName>
<createdBy>axel.chepanski</createdBy>
<createdTime>2025-04-04 13:50:14 UTC</createdTime>
<commentInRDBMS><![CDATA[Avaliação (0 a 10) do cliente quanto à pontualidade (cumprimento do prazo).]]></commentInRDBMS>
<ownerDesignName>modelagem_snowflake</ownerDesignName>
<nullsAllowed>true</nullsAllowed>
<useDomainConstraints>false</useDomainConstraints>
<use>1</use>
<logicalDatatype>LOGDT019</logicalDatatype>
<dataTypePrecision>2</dataTypePrecision>
<dataTypeScale>0</dataTypeScale>
<ownDataTypeParameters>,2,0</ownDataTypeParameters>
<autoIncrementCycle>false</autoIncrementCycle>
</Column>
<Column name="NOTA_CORTESIA" id="13A00D6D-42D5-B2C4-03D9-C0AC85653869">
<sourceConnName>FIAP</sourceConnName>
<sourceObjSchema>FATO_ENTREGA</sourceObjSchema>
<sourceObjName>NOTA_CORTESIA</sourceObjName>
<createdBy>axel.chepanski</createdBy>
<createdTime>2025-04-04 13:50:14 UTC</createdTime>
<commentInRDBMS><![CDATA[Avaliação (0 a 10) do cliente quanto à cordialidade do entregador.]]></commentInRDBMS>
<ownerDesignName>modelagem_snowflake</ownerDesignName>
<nullsAllowed>true</nullsAllowed>
<useDomainConstraints>false</useDomainConstraints>
<use>1</use>
<logicalDatatype>LOGDT019</logicalDatatype>
<dataTypePrecision>2</dataTypePrecision>
<dataTypeScale>0</dataTypeScale>
<ownDataTypeParameters>,2,0</ownDataTypeParameters>
<autoIncrementCycle>false</autoIncrementCycle>
</Column>
<Column name="TEMPO_ENTREGA_MIN" id="74936DFD-1888-73D8-93A3-C75422103590">
<sourceConnName>FIAP</sourceConnName>
<sourceObjSchema>FATO_ENTREGA</sourceObjSchema>
<sourceObjName>TEMPO_ENTREGA_MIN</sourceObjName>
<createdBy>axel.chepanski</createdBy>
<createdTime>2025-04-04 13:50:14 UTC</createdTime>
<commentInRDBMS><![CDATA[Tempo total de entrega em minutos, calculado entre pedido e entrega real.]]></commentInRDBMS>
<ownerDesignName>modelagem_snowflake</ownerDesignName>
<nullsAllowed>true</nullsAllowed>
<useDomainConstraints>false</useDomainConstraints>
<use>1</use>
<logicalDatatype>LOGDT019</logicalDatatype>
<dataTypePrecision>10</dataTypePrecision>
<dataTypeScale>0</dataTypeScale>
<ownDataTypeParameters>,10,0</ownDataTypeParameters>
<autoIncrementCycle>false</autoIncrementCycle>
</Column>
</columns>
<indexes itemClass="oracle.dbtools.crest.model.design.relational.Index">
<ind_PK_UK id="D08BFE6F-85B3-B07E-9E9A-A500B2BD6FF5" name="PK_FATO_ENTREGA">
<sourceConnName>FIAP</sourceConnName>
<sourceObjSchema>RM557311</sourceObjSchema>
<sourceObjName>PK_FATO_ENTREGA</sourceObjName>
<createdBy>axel.chepanski</createdBy>
<createdTime>2025-04-04 13:50:28 UTC</createdTime>
<ownerDesignName>modelagem_snowflake</ownerDesignName>
<pk>true</pk>
<indexState>Primary Constraint</indexState>
<isSurrogateKey>false</isSurrogateKey>
<indexColumnUsage>
<colUsage columnID="04F030C9-E7D1-4339-4479-56B56620515C"/>
<colUsage columnID="2CC8E1A9-F90D-105B-06BB-9521DB6CCAAA"/>
<colUsage columnID="121545B6-033E-3F41-64E1-914F0934CE39"/>
<colUsage columnID="C394DCBB-A110-3EDC-5A9B-CAB44741B318"/>
<colUsage columnID="1EE3F901-7E69-81ED-B483-D3FB1FBD993C"/>
<colUsage columnID="8F2CA6A8-82A3-6647-507C-917FEAF41DA8"/>
<colUsage columnID="D49166AE-0F05-0A56-96DC-1ADC6307A835"/>
</indexColumnUsage>
</ind_PK_UK>
<ind_PK_UK id="86B2E57B-1D25-0A48-907B-A16B1D31C921" schemaObject="5BC418C1-74CB-7FFB-17D5-FA20A8622766" name="PK_FATO_ENTREGA">
<sourceConnName>FIAP</sourceConnName>
<sourceObjSchema>RM557311</sourceObjSchema>
<sourceObjName>PK_FATO_ENTREGA</sourceObjName>
<createdBy>axel.chepanski</createdBy>
<createdTime>2025-04-04 13:50:16 UTC</createdTime>
<ownerDesignName>modelagem_snowflake</ownerDesignName>
<indexState>Unique Plain Index</indexState>
<isSurrogateKey>false</isSurrogateKey>
<indexColumnUsage>
<colUsage columnID="04F030C9-E7D1-4339-4479-56B56620515C"/>
<colUsage columnID="2CC8E1A9-F90D-105B-06BB-9521DB6CCAAA"/>
</indexColumnUsage>
</ind_PK_UK>
<ind_PK_UK id="F3BD220C-E05C-7685-5E35-D2038AF602F7" name="FK_FATO_CLIENTE">
<createdBy>axel.chepanski</createdBy>
<createdTime>2025-04-04 13:50:41 UTC</createdTime>
<ownerDesignName>modelagem_snowflake</ownerDesignName>
<indexState>Foreign Key</indexState>
<isSurrogateKey>false</isSurrogateKey>
<indexColumnUsage>
<colUsage columnID="D49166AE-0F05-0A56-96DC-1ADC6307A835"/>
</indexColumnUsage>
</ind_PK_UK>
<ind_PK_UK id="5B41E17F-2813-2F8A-9358-02624618A14D" name="FK_FATO_ENTREGADOR">
<createdBy>axel.chepanski</createdBy>
<createdTime>2025-04-04 13:50:41 UTC</createdTime>
<ownerDesignName>modelagem_snowflake</ownerDesignName>
<indexState>Foreign Key</indexState>
<isSurrogateKey>false</isSurrogateKey>
<indexColumnUsage>
<colUsage columnID="2B39C691-D8D1-0900-DDF8-F07C35B1BFA7"/>
</indexColumnUsage>
</ind_PK_UK>
<ind_PK_UK id="2D6973F5-BFBE-3AFD-DBEF-71221DAFFC23" name="FK_FATO_PRODUTO">
<createdBy>chiad</createdBy>
<createdTime>2025-04-04 17:13:07 UTC</createdTime>
<ownerDesignName>modelagem_snowflake</ownerDesignName>
<indexState>Foreign Key</indexState>
<isSurrogateKey>false</isSurrogateKey>
<indexColumnUsage>
<colUsage columnID="121545B6-033E-3F41-64E1-914F0934CE39"/>
</indexColumnUsage>
</ind_PK_UK>
<ind_PK_UK id="91153256-471B-A61F-0F9B-730AC1B10286" name="FK_FATO_CENTRO">
<createdBy>chiad</createdBy>
<createdTime>2025-04-04 17:22:46 UTC</createdTime>
<ownerDesignName>modelagem_snowflake</ownerDesignName>
<indexState>Foreign Key</indexState>
<isSurrogateKey>false</isSurrogateKey>
<indexColumnUsage>
<colUsage columnID="C394DCBB-A110-3EDC-5A9B-CAB44741B318"/>
</indexColumnUsage>
</ind_PK_UK>
<ind_PK_UK id="EB2C35ED-272E-5545-D43F-E30B3BBAB4FF" name="FK_FATO_DATA_PRV">
<createdBy>chiad</createdBy>
<createdTime>2025-04-04 18:10:31 UTC</createdTime>
<ownerDesignName>modelagem_snowflake</ownerDesignName>
<indexState>Foreign Key</indexState>
<isSurrogateKey>false</isSurrogateKey>
<indexColumnUsage>
<colUsage columnID="1EE3F901-7E69-81ED-B483-D3FB1FBD993C"/>
</indexColumnUsage>
</ind_PK_UK>
<ind_PK_UK id="33547262-1BB9-830A-3AB4-A6E93B6A7983" name="FK_FATO_DATA_ENTR">
<createdBy>chiad</createdBy>
<createdTime>2025-04-04 18:12:49 UTC</createdTime>
<ownerDesignName>modelagem_snowflake</ownerDesignName>
<indexState>Foreign Key</indexState>
<isSurrogateKey>false</isSurrogateKey>
<indexColumnUsage>
<colUsage columnID="AD30D27D-A58C-0381-EE4A-436C2E641FEF"/>
</indexColumnUsage>
</ind_PK_UK>
<ind_PK_UK id="99EBD7E6-EA0B-630E-81F1-39BCE27871E7" name="FK_FATO_DATA_PED">
<createdBy>chiad</createdBy>
<createdTime>2025-04-04 18:14:23 UTC</createdTime>
<ownerDesignName>modelagem_snowflake</ownerDesignName>
<indexState>Foreign Key</indexState>
<isSurrogateKey>false</isSurrogateKey>
<indexColumnUsage>
<colUsage columnID="8F2CA6A8-82A3-6647-507C-917FEAF41DA8"/>
</indexColumnUsage>
</ind_PK_UK>
</indexes>
</Table>