<?xml version = '1.0' encoding = 'UTF-8'?>
<Table class="oracle.dbtools.crest.model.design.relational.Table" directorySegmentName="seg_0" id="FE96F4B9-69A7-788B-C292-CBAD1A2CC002" name="DIM_CATEGORIA">
<sourceConnName>FIAP</sourceConnName>
<sourceObjSchema>RM557311</sourceObjSchema>
<sourceObjName>DIM_CATEGORIA</sourceObjName>
<createdBy>axel.chepanski</createdBy>
<createdTime>2025-04-04 13:50:13 UTC</createdTime>
<commentInRDBMS><![CDATA[Dimensão que armazena as diferentes categorias de produtos.]]></commentInRDBMS>
<ownerDesignName>modelagem_snowflake</ownerDesignName>
<typeID>2</typeID>
<allowColumnReorder>false</allowColumnReorder>
<existDependencyGenerateInDDl>true</existDependencyGenerateInDDl>
<parsed>true</parsed>
<columns itemClass="oracle.dbtools.crest.model.design.relational.Column">
<Column name="SK_CATEGORIA" id="5BE55102-8AA3-21DD-19BE-D8ABC4CE4962">
<sourceConnName>FIAP</sourceConnName>
<sourceObjSchema>DIM_CATEGORIA</sourceObjSchema>
<sourceObjName>FK_DIM_CATEGORIA</sourceObjName>
<createdBy>axel.chepanski</createdBy>
<createdTime>2025-04-04 13:50:14 UTC</createdTime>
<commentInRDBMS><![CDATA[Chave primária gerada por IDENTITY para a dimensão CATEGORIA.]]></commentInRDBMS>
<ownerDesignName>modelagem_snowflake</ownerDesignName>
<useDomainConstraints>false</useDomainConstraints>
<use>1</use>
<logicalDatatype>LOGDT019</logicalDatatype>
<ownDataTypeParameters>,,</ownDataTypeParameters>
<autoIncrementColumn>true</autoIncrementColumn>
<identityColumn>true</identityColumn>
<defaultOntNull>true</defaultOntNull>
<autoIncrementCycle>false</autoIncrementCycle>
<autoIncrementDisableCache>false</autoIncrementDisableCache>
<autoIncrementCache>20</autoIncrementCache>
<autoIncrementOrder>false</autoIncrementOrder>
</Column>
<Column name="NOME_CATEGORIA" id="E8866014-FBA7-B157-633A-8A8E54B58B11">
<sourceConnName>FIAP</sourceConnName>
<sourceObjSchema>DIM_CATEGORIA</sourceObjSchema>
<sourceObjName>NOME_CATEGORIA</sourceObjName>
<createdBy>axel.chepanski</createdBy>
<createdTime>2025-04-04 13:50:14 UTC</createdTime>
<commentInRDBMS><![CDATA[Nome da categoria (ex.: Eletrônicos, Eletrodomésticos).]]></commentInRDBMS>
<ownerDesignName>modelagem_snowflake</ownerDesignName>
<useDomainConstraints>false</useDomainConstraints>
<use>1</use>
<logicalDatatype>LOGDT024</logicalDatatype>
<dataTypeSize>100 BYTE</dataTypeSize>
<ownDataTypeParameters>100 BYTE,,</ownDataTypeParameters>
<autoIncrementCycle>false</autoIncrementCycle>
</Column>
<Column name="ST_CATEGORIA" id="E6546DFB-5B67-0BDB-F41E-36AF42B52D0A">
<sourceConnName>FIAP</sourceConnName>
<sourceObjSchema>DIM_CATEGORIA</sourceObjSchema>
<sourceObjName>ST_CATEGORIA</sourceObjName>
<createdBy>axel.chepanski</createdBy>
<createdTime>2025-04-04 13:50:14 UTC</createdTime>
<commentInRDBMS><![CDATA[Status da categoria (A=Ativa, I=Inativa).]]></commentInRDBMS>
<ownerDesignName>modelagem_snowflake</ownerDesignName>
<useDomainConstraints>false</useDomainConstraints>
<use>1</use>
<logicalDatatype>LOGDT025</logicalDatatype>
<dataTypeSize>1 BYTE</dataTypeSize>
<ownDataTypeParameters>1 BYTE,,</ownDataTypeParameters>
<autoIncrementCycle>false</autoIncrementCycle>
</Column>
<Column name="NR_AVALIACAO_CATEGORIA" id="10BDEC5A-3466-8558-62A5-34B6BB1DA844">
<sourceConnName>FIAP</sourceConnName>
<sourceObjSchema>DIM_CATEGORIA</sourceObjSchema>
<sourceObjName>NR_AVALIACAO_CATEGORIA</sourceObjName>
<createdBy>axel.chepanski</createdBy>
<createdTime>2025-04-04 13:50:14 UTC</createdTime>
<commentInRDBMS><![CDATA[Nota de avaliação média da categoria.]]></commentInRDBMS>
<ownerDesignName>modelagem_snowflake</ownerDesignName>
<nullsAllowed>true</nullsAllowed>
<useDomainConstraints>false</useDomainConstraints>
<use>1</use>
<logicalDatatype>LOGDT019</logicalDatatype>
<dataTypePrecision>3</dataTypePrecision>
<dataTypeScale>1</dataTypeScale>
<ownDataTypeParameters>,3,1</ownDataTypeParameters>
<autoIncrementCycle>false</autoIncrementCycle>
</Column>
</columns>
<indexes itemClass="oracle.dbtools.crest.model.design.relational.Index">
<ind_PK_UK id="DB1F7523-FF47-F470-E553-DB62E95AA0D2" name="PK_DIM_CATEGORIA">
<sourceConnName>FIAP</sourceConnName>
<sourceObjSchema>RM557311</sourceObjSchema>
<sourceObjName>PK_DIM_CATEGORIA</sourceObjName>
<createdBy>axel.chepanski</createdBy>
<createdTime>2025-04-04 13:50:28 UTC</createdTime>
<ownerDesignName>modelagem_snowflake</ownerDesignName>
<pk>true</pk>
<indexState>Primary Constraint</indexState>
<isSurrogateKey>false</isSurrogateKey>
<indexColumnUsage>
<colUsage columnID="5BE55102-8AA3-21DD-19BE-D8ABC4CE4962"/>
</indexColumnUsage>
</ind_PK_UK>
<ind_PK_UK id="827AC132-3D7E-A737-46EC-A174CBC3A1B9" schemaObject="5BC418C1-74CB-7FFB-17D5-FA20A8622766" name="PK_DIM_CATEGORIA">
<sourceConnName>FIAP</sourceConnName>
<sourceObjSchema>RM557311</sourceObjSchema>
<sourceObjName>PK_DIM_CATEGORIA</sourceObjName>
<createdBy>axel.chepanski</createdBy>
<createdTime>2025-04-04 13:50:16 UTC</createdTime>
<ownerDesignName>modelagem_snowflake</ownerDesignName>
<indexState>Unique Plain Index</indexState>
<isSurrogateKey>false</isSurrogateKey>
<indexColumnUsage>
<colUsage columnID="5BE55102-8AA3-21DD-19BE-D8ABC4CE4962"/>
</indexColumnUsage>
</ind_PK_UK>
</indexes>
</Table>