<?xml version = '1.0' encoding = 'UTF-8'?>
<DomainFile class="oracle.dbtools.crest.model.design.DomainFileWrapper" fileName="defaultdomains">
<domains>
<Domain class="oracle.dbtools.crest.model.design.Domain" name="Unknown" id="DOM3000004">
<createdBy>axel.chepanski</createdBy>
<createdTime>2024-09-02 17:52:29 UTC</createdTime>
<ownerDesignName>System</ownerDesignName>
<avTSortOrder>0</avTSortOrder>
<fileName>defaultdomains</fileName>
<logicalDatatype>LOGDT017</logicalDatatype>
</Domain>
</domains>
</DomainFile>
