<?xml version = '1.0' encoding = 'UTF-8'?>
<FKIndexAssociation class="oracle.dbtools.crest.model.design.relational.FKIndexAssociation" directorySegmentName="seg_0" id="033EA8E9-22AF-6D5F-7185-B024E5223B72" containerWithKeyObject="F62F4375-7E30-4DF9-B6C0-4FC29D1F4020" localFKIndex="D3FC19B9-2186-0CE8-F0DE-608992FDA4BF" name="FK_LOGRA_BAIRRO">
<createdBy>chiad</createdBy>
<createdTime>2025-04-04 18:05:02 UTC</createdTime>
<ownerDesignName>modelagem_snowflake</ownerDesignName>
<referredTableLongName>DIM_BAIRRO</referredTableLongName>
<deleteRule>NO ACTION</deleteRule>
<referredTableID>547B7922-E68B-E05F-D97D-3CF50E41C169</referredTableID>
<keyObject>5E6EF195-D5F4-3069-2918-12ECCBCDFBA8</keyObject>
<referredKeyID>5E6EF195-D5F4-3069-2918-12ECCBCDFBA8</referredKeyID>
<mandatory>true</mandatory>
<refColNames>SK_BAIRRO</refColNames>
<transferable>true</transferable>
<rely>false</rely>
<columnDependencyConstraintGenerateInDDL>true</columnDependencyConstraintGenerateInDDL>
</FKIndexAssociation>