<?xml version = '1.0' encoding = 'UTF-8'?>
<FKIndexAssociation class="oracle.dbtools.crest.model.design.relational.FKIndexAssociation" directorySegmentName="seg_0" id="16C11F40-D28C-5512-BDFC-C51390A6B74A" containerWithKeyObject="547B7922-E68B-E05F-D97D-3CF50E41C169" localFKIndex="1A4386C6-F77D-4D5C-CA07-270DC2AE99F5" name="FK_BAIRRO_CIDADE">
<createdBy>chiad</createdBy>
<createdTime>2025-04-04 18:06:50 UTC</createdTime>
<ownerDesignName>modelagem_snowflake</ownerDesignName>
<referredTableLongName>DIM_CIDADE</referredTableLongName>
<deleteRule>NO ACTION</deleteRule>
<referredTableID>1F91FC22-33F4-01B1-51E9-A879183A747A</referredTableID>
<keyObject>52FC6230-999D-8AF2-E1E0-34FB2FC62B9E</keyObject>
<referredKeyID>52FC6230-999D-8AF2-E1E0-34FB2FC62B9E</referredKeyID>
<mandatory>true</mandatory>
<refColNames>SK_CIDADE</refColNames>
<transferable>true</transferable>
<rely>false</rely>
<columnDependencyConstraintGenerateInDDL>true</columnDependencyConstraintGenerateInDDL>
</FKIndexAssociation>