<?xml version = '1.0' encoding = 'UTF-8'?>
<FKIndexAssociation class="oracle.dbtools.crest.model.design.relational.FKIndexAssociation" directorySegmentName="seg_0" id="54374C77-2491-86B7-A198-59D333F5D96C" containerWithKeyObject="F8339144-8B7C-4691-51CA-802CDE421646" localFKIndex="2D6973F5-BFBE-3AFD-DBEF-71221DAFFC23" name="FK_FATO_PRODUTO">
<createdBy>chiad</createdBy>
<createdTime>2025-04-04 17:13:07 UTC</createdTime>
<ownerDesignName>modelagem_snowflake</ownerDesignName>
<referredTableLongName>DIM_PRODUTO</referredTableLongName>
<deleteRule>NO ACTION</deleteRule>
<referredTableID>ABA7AF44-4C50-237E-D72F-B4CCE3163271</referredTableID>
<keyObject>9550CBA8-0521-D03E-BA76-E5E75EA8D3E8</keyObject>
<referredKeyID>9550CBA8-0521-D03E-BA76-E5E75EA8D3E8</referredKeyID>
<mandatory>true</mandatory>
<refColNames>SK_PRODUTO</refColNames>
<transferable>true</transferable>
<rely>false</rely>
<columnDependencyConstraintGenerateInDDL>true</columnDependencyConstraintGenerateInDDL>
</FKIndexAssociation>