<?xml version = '1.0' encoding = 'UTF-8'?>
<FKIndexAssociation class="oracle.dbtools.crest.model.design.relational.FKIndexAssociation" directorySegmentName="seg_0" id="92913D8B-DF60-0D94-442A-4BFDC515163E" containerWithKeyObject="1F91FC22-33F4-01B1-51E9-A879183A747A" localFKIndex="C5D9D31B-38F3-D070-88FB-FF2044F3A9AB" name="FK_CIDADE_ESTADO">
<createdBy>chiad</createdBy>
<createdTime>2025-04-04 18:07:51 UTC</createdTime>
<ownerDesignName>modelagem_snowflake</ownerDesignName>
<referredTableLongName>DIM_ESTADO</referredTableLongName>
<deleteRule>NO ACTION</deleteRule>
<referredTableID>C297A259-241D-86D5-6BBE-DB0488CE0386</referredTableID>
<keyObject>6192C373-5575-8C5B-9B07-1DCE2D86DB82</keyObject>
<referredKeyID>6192C373-5575-8C5B-9B07-1DCE2D86DB82</referredKeyID>
<mandatory>true</mandatory>
<refColNames>SK_ESTADO</refColNames>
<transferable>true</transferable>
<rely>false</rely>
<columnDependencyConstraintGenerateInDDL>true</columnDependencyConstraintGenerateInDDL>
</FKIndexAssociation>