<?xml version = '1.0' encoding = 'UTF-8'?>
<FKIndexAssociation class="oracle.dbtools.crest.model.design.relational.FKIndexAssociation" directorySegmentName="seg_0" id="9CC69E30-F21D-EEFC-174D-DC59ED7D7D8C" containerWithKeyObject="40F8EC2C-628B-1775-AB29-014B083D1481" localFKIndex="0078B699-82B6-201A-C9FA-BE5739235EC9" name="FK_SUBCAT_CAT">
<createdBy>chiad</createdBy>
<createdTime>2025-04-04 17:19:03 UTC</createdTime>
<ownerDesignName>modelagem_snowflake</ownerDesignName>
<referredTableLongName>DIM_CATEGORIA</referredTableLongName>
<deleteRule>NO ACTION</deleteRule>
<referredTableID>FE96F4B9-69A7-788B-C292-CBAD1A2CC002</referredTableID>
<keyObject>DB1F7523-FF47-F470-E553-DB62E95AA0D2</keyObject>
<referredKeyID>DB1F7523-FF47-F470-E553-DB62E95AA0D2</referredKeyID>
<mandatory>true</mandatory>
<refColNames>SK_CATEGORIA</refColNames>
<transferable>true</transferable>
<rely>false</rely>
<columnDependencyConstraintGenerateInDDL>true</columnDependencyConstraintGenerateInDDL>
</FKIndexAssociation>