<?xml version = '1.0' encoding = 'UTF-8'?>
<FKIndexAssociation class="oracle.dbtools.crest.model.design.relational.FKIndexAssociation" directorySegmentName="seg_0" id="A9C1B4DA-8A45-CC2F-B6A1-55AB54B435E5" containerWithKeyObject="09ADE77E-5009-24B0-EE32-BFB12F31C794" localFKIndex="5C75311F-11B4-2444-FB2A-A57F06A21D71" name="FK_CLIENTE_LOGRA">
<createdBy>chiad</createdBy>
<createdTime>2025-04-04 17:52:22 UTC</createdTime>
<ownerDesignName>modelagem_snowflake</ownerDesignName>
<referredTableLongName>DIM_LOGRADOURO</referredTableLongName>
<deleteRule>NO ACTION</deleteRule>
<referredTableID>F62F4375-7E30-4DF9-B6C0-4FC29D1F4020</referredTableID>
<keyObject>B2A4CEAE-5644-3FF1-9A48-F26E47870984</keyObject>
<referredKeyID>B2A4CEAE-5644-3FF1-9A48-F26E47870984</referredKeyID>
<mandatory>true</mandatory>
<refColNames>SK_LOGRADOURO</refColNames>
<transferable>true</transferable>
<rely>false</rely>
<columnDependencyConstraintGenerateInDDL>true</columnDependencyConstraintGenerateInDDL>
</FKIndexAssociation>