<?xml version = '1.0' encoding = 'UTF-8'?>
<FKIndexAssociation class="oracle.dbtools.crest.model.design.relational.FKIndexAssociation" directorySegmentName="seg_0" id="B327FD52-8103-6EB5-60C8-5A4A23C298C5" containerWithKeyObject="0D74ACF2-ADAA-6BDE-A372-B004F0647379" localFKIndex="FE8DD481-EE53-5F3F-CACC-CF6BFDCD892B" name="FK_CENTRO_LOGRA">
<createdBy>chiad</createdBy>
<createdTime>2025-04-04 17:39:00 UTC</createdTime>
<ownerDesignName>modelagem_snowflake</ownerDesignName>
<referredTableLongName>DIM_LOGRADOURO</referredTableLongName>
<deleteRule>NO ACTION</deleteRule>
<referredTableID>F62F4375-7E30-4DF9-B6C0-4FC29D1F4020</referredTableID>
<keyObject>B2A4CEAE-5644-3FF1-9A48-F26E47870984</keyObject>
<referredKeyID>B2A4CEAE-5644-3FF1-9A48-F26E47870984</referredKeyID>
<mandatory>true</mandatory>
<refColNames>SK_LOGRADOURO</refColNames>
<transferable>true</transferable>
<rely>false</rely>
<columnDependencyConstraintGenerateInDDL>true</columnDependencyConstraintGenerateInDDL>
</FKIndexAssociation>