<?xml version = '1.0' encoding = 'UTF-8'?>
<FKIndexAssociation class="oracle.dbtools.crest.model.design.relational.FKIndexAssociation" directorySegmentName="seg_0" id="B4B1896F-98AF-DDB9-8C12-6AB4D0CC1B45" containerWithKeyObject="F8339144-8B7C-4691-51CA-802CDE421646" localFKIndex="EB2C35ED-272E-5545-D43F-E30B3BBAB4FF" name="FK_FATO_DATA_PRV">
<createdBy>chiad</createdBy>
<createdTime>2025-04-04 18:10:31 UTC</createdTime>
<ownerDesignName>modelagem_snowflake</ownerDesignName>
<referredTableLongName>DIM_DATA</referredTableLongName>
<deleteRule>NO ACTION</deleteRule>
<referredTableID>5CB8F28A-9DE4-6036-7FE5-2221B51F2602</referredTableID>
<keyObject>F786F120-894B-E894-5F56-315CB35E0EEB</keyObject>
<referredKeyID>F786F120-894B-E894-5F56-315CB35E0EEB</referredKeyID>
<mandatory>true</mandatory>
<refColNames>SK_DATA</refColNames>
<transferable>true</transferable>
<rely>false</rely>
<columnDependencyConstraintGenerateInDDL>true</columnDependencyConstraintGenerateInDDL>
</FKIndexAssociation>