<?xml version = '1.0' encoding = 'UTF-8'?>
<FKIndexAssociation class="oracle.dbtools.crest.model.design.relational.FKIndexAssociation" directorySegmentName="seg_0" id="CC26E392-1173-3B2A-5CCB-CFAE39299F57" containerWithKeyObject="F8339144-8B7C-4691-51CA-802CDE421646" localFKIndex="99EBD7E6-EA0B-630E-81F1-39BCE27871E7" name="FK_FATO_DATA_PED">
<createdBy>chiad</createdBy>
<createdTime>2025-04-04 18:14:23 UTC</createdTime>
<ownerDesignName>modelagem_snowflake</ownerDesignName>
<referredTableLongName>DIM_DATA</referredTableLongName>
<deleteRule>NO ACTION</deleteRule>
<referredTableID>5CB8F28A-9DE4-6036-7FE5-2221B51F2602</referredTableID>
<keyObject>F786F120-894B-E894-5F56-315CB35E0EEB</keyObject>
<referredKeyID>F786F120-894B-E894-5F56-315CB35E0EEB</referredKeyID>
<mandatory>true</mandatory>
<refColNames>SK_DATA</refColNames>
<transferable>true</transferable>
<rely>false</rely>
<columnDependencyConstraintGenerateInDDL>true</columnDependencyConstraintGenerateInDDL>
</FKIndexAssociation>