<?xml version = '1.0' encoding = 'UTF-8'?>
<FKIndexAssociation class="oracle.dbtools.crest.model.design.relational.FKIndexAssociation" directorySegmentName="seg_0" id="D82F7A67-FB85-6E7A-9D2B-372323E2BBA7" containerWithKeyObject="F8339144-8B7C-4691-51CA-802CDE421646" localFKIndex="33547262-1BB9-830A-3AB4-A6E93B6A7983" name="FK_FATO_DATA_ENTR">
<createdBy>chiad</createdBy>
<createdTime>2025-04-04 18:12:49 UTC</createdTime>
<ownerDesignName>modelagem_snowflake</ownerDesignName>
<referredTableLongName>DIM_DATA</referredTableLongName>
<deleteRule>NO ACTION</deleteRule>
<referredTableID>5CB8F28A-9DE4-6036-7FE5-2221B51F2602</referredTableID>
<keyObject>F786F120-894B-E894-5F56-315CB35E0EEB</keyObject>
<referredKeyID>F786F120-894B-E894-5F56-315CB35E0EEB</referredKeyID>
<mandatory>true</mandatory>
<refColNames>SK_DATA</refColNames>
<transferable>true</transferable>
<rely>false</rely>
<columnDependencyConstraintGenerateInDDL>true</columnDependencyConstraintGenerateInDDL>
</FKIndexAssociation>