<?xml version = '1.0' encoding = 'UTF-8'?>
<FKIndexAssociation class="oracle.dbtools.crest.model.design.relational.FKIndexAssociation" directorySegmentName="seg_0" id="DAC5856F-41BB-236A-56A5-E2E097E0D862" containerWithKeyObject="C297A259-241D-86D5-6BBE-DB0488CE0386" localFKIndex="95C8AC60-B943-41AA-EE89-ADFD6575B674" name="FK_ESTADO_REGIAO">
<createdBy>chiad</createdBy>
<createdTime>2025-04-04 18:09:11 UTC</createdTime>
<ownerDesignName>modelagem_snowflake</ownerDesignName>
<referredTableLongName>DIM_REGIAO</referredTableLongName>
<deleteRule>NO ACTION</deleteRule>
<referredTableID>2EE6D9E4-E27A-5A82-48BF-B560942C8558</referredTableID>
<keyObject>79801069-D7FD-3C55-F14D-B9E619C4BD52</keyObject>
<referredKeyID>79801069-D7FD-3C55-F14D-B9E619C4BD52</referredKeyID>
<mandatory>true</mandatory>
<refColNames>SK_REGIAO</refColNames>
<transferable>true</transferable>
<rely>false</rely>
<columnDependencyConstraintGenerateInDDL>true</columnDependencyConstraintGenerateInDDL>
</FKIndexAssociation>