<?xml version = '1.0' encoding = 'UTF-8'?>
<FKIndexAssociation class="oracle.dbtools.crest.model.design.relational.FKIndexAssociation" directorySegmentName="seg_0" id="E12A3489-0E01-CA22-5E83-07F794F498C3" containerWithKeyObject="F8339144-8B7C-4691-51CA-802CDE421646" localFKIndex="91153256-471B-A61F-0F9B-730AC1B10286" name="FK_FATO_CENTRO">
<createdBy>chiad</createdBy>
<createdTime>2025-04-04 17:22:46 UTC</createdTime>
<ownerDesignName>modelagem_snowflake</ownerDesignName>
<referredTableLongName>DIM_CENTRO_DISTRIBUICAO</referredTableLongName>
<deleteRule>NO ACTION</deleteRule>
<referredTableID>0D74ACF2-ADAA-6BDE-A372-B004F0647379</referredTableID>
<keyObject>A5B3E84C-8A22-05CD-B8E1-9872A1C8D560</keyObject>
<referredKeyID>A5B3E84C-8A22-05CD-B8E1-9872A1C8D560</referredKeyID>
<mandatory>true</mandatory>
<refColNames>SK_CENTRO_DISTRIBUICAO</refColNames>
<transferable>true</transferable>
<rely>false</rely>
<columnDependencyConstraintGenerateInDDL>true</columnDependencyConstraintGenerateInDDL>
</FKIndexAssociation>