<?xml version = '1.0' encoding = 'UTF-8'?>
<FKIndexAssociation class="oracle.dbtools.crest.model.design.relational.FKIndexAssociation" directorySegmentName="seg_0" id="FF31116E-619D-C049-E8F2-1B87A8622A67" containerWithKeyObject="ABA7AF44-4C50-237E-D72F-B4CCE3163271" localFKIndex="7AD65317-DFCA-5101-DFF3-D30521ACDD96" name="FK_PRODUTO_SUBCAT">
<createdBy>chiad</createdBy>
<createdTime>2025-04-04 17:16:36 UTC</createdTime>
<ownerDesignName>modelagem_snowflake</ownerDesignName>
<referredTableLongName>DIM_SUBCATEGORIA</referredTableLongName>
<deleteRule>NO ACTION</deleteRule>
<referredTableID>40F8EC2C-628B-1775-AB29-014B083D1481</referredTableID>
<keyObject>32123168-AE2F-A6CE-4ACF-DA4E972E9E5D</keyObject>
<referredKeyID>32123168-AE2F-A6CE-4ACF-DA4E972E9E5D</referredKeyID>
<mandatory>true</mandatory>
<refColNames>SK_SUBCATEGORIA</refColNames>
<transferable>true</transferable>
<rely>false</rely>
<columnDependencyConstraintGenerateInDDL>true</columnDependencyConstraintGenerateInDDL>
</FKIndexAssociation>