<?xml version = '1.0' encoding = 'UTF-8'?>
<Diagram class="oracle.dbtools.crest.swingui.relational.DPVRelational" name="Relational_1" id="C3E3DCDC-41EE-CBCF-D3D9-6788DC8C8342">
<createdBy>axel.chepanski</createdBy>
<modifiedBy>axel.chepanski</modifiedBy>
<createdTime>2025-04-04 13:50:11 UTC</createdTime>
<autoRoute>false</autoRoute>
<boxInbox>true</boxInbox>
<showLegend>false</showLegend>
<showLabels>false</showLabels>
<showRelAttributes>false</showRelAttributes>
<gridEnabled>false</gridEnabled>
<showGrid>false</showGrid>
<diagramColor>-1</diagramColor>
<display>false</display>
<notation>1</notation>
<objectViews>
<OView class="oracle.dbtools.crest.swingui.relational.TVTable" oid="09ADE77E-5009-24B0-EE32-BFB12F31C794" otype="Table" vid="8EB98744-12C4-6B4C-69A8-44C494D56799">
<hideElementsInCurrentOnly>false</hideElementsInCurrentOnly>
<bounds x="458" y="482" width="275" height="185"/>
</OView>
<OView class="oracle.dbtools.crest.swingui.relational.TVTable" oid="0C803154-1425-0D31-5337-84F22CBC8285" otype="Table" vid="D91BE4BD-A77C-BA58-A84E-AB3A94B5960A">
<hideElementsInCurrentOnly>false</hideElementsInCurrentOnly>
<bounds x="1043" y="786" width="288" height="95"/>
</OView>
<OView class="oracle.dbtools.crest.swingui.relational.TVTable" oid="0D74ACF2-ADAA-6BDE-A372-B004F0647379" otype="Table" vid="72A89774-9316-2EDF-7D05-B2F187C4E0C1">
<hideElementsInCurrentOnly>false</hideElementsInCurrentOnly>
<bounds x="458" y="261" width="338" height="158"/>
</OView>
<OView class="oracle.dbtools.crest.swingui.relational.TVTable" oid="1F91FC22-33F4-01B1-51E9-A879183A747A" otype="Table" vid="A98FE456-A013-E0E9-D09C-EA1F5584C90D">
<hideElementsInCurrentOnly>false</hideElementsInCurrentOnly>
<bounds x="69" y="833" width="254" height="171"/>
</OView>
<OView class="oracle.dbtools.crest.swingui.relational.TVTable" oid="2EE6D9E4-E27A-5A82-48BF-B560942C8558" otype="Table" vid="2C049C22-7933-F2D7-C0FD-BD4575D96191">
<hideElementsInCurrentOnly>false</hideElementsInCurrentOnly>
<bounds x="745" y="872" width="250" height="95"/>
</OView>
<OView class="oracle.dbtools.crest.swingui.relational.TVTable" oid="40F8EC2C-628B-1775-AB29-014B083D1481" otype="Table" vid="D5BB97C7-A27E-45D7-98A9-A42C94F01714">
<hideElementsInCurrentOnly>false</hideElementsInCurrentOnly>
<bounds x="1418" y="442" width="345" height="173"/>
</OView>
<OView class="oracle.dbtools.crest.swingui.relational.TVTable" oid="547B7922-E68B-E05F-D97D-3CF50E41C169" otype="Table" vid="72815CAC-FA67-D353-4FDD-FFF2906CBEFC">
<hideElementsInCurrentOnly>false</hideElementsInCurrentOnly>
<bounds x="49" y="610" width="301" height="157"/>
</OView>
<OView class="oracle.dbtools.crest.swingui.relational.TVTable" oid="5CB8F28A-9DE4-6036-7FE5-2221B51F2602" otype="Table" vid="5520D21F-CF5D-787A-781B-A3D02B802D44">
<hideElementsInCurrentOnly>false</hideElementsInCurrentOnly>
<bounds x="1061" y="39" width="270" height="165"/>
</OView>
<OView class="oracle.dbtools.crest.swingui.relational.TVTable" oid="ABA7AF44-4C50-237E-D72F-B4CCE3163271" otype="Table" vid="540DD596-E22F-7B08-C810-FF564A82D0C2">
<hideElementsInCurrentOnly>false</hideElementsInCurrentOnly>
<bounds x="1402" y="238" width="380" height="159"/>
</OView>
<OView class="oracle.dbtools.crest.swingui.relational.TVTable" oid="C297A259-241D-86D5-6BBE-DB0488CE0386" otype="Table" vid="4F9F172B-7A9F-0C7A-14AC-04A92C8F98B6">
<hideElementsInCurrentOnly>false</hideElementsInCurrentOnly>
<bounds x="417" y="834" width="253" height="157"/>
</OView>
<OView class="oracle.dbtools.crest.swingui.relational.TVTable" oid="F62F4375-7E30-4DF9-B6C0-4FC29D1F4020" otype="Table" vid="46662BCD-64FF-BF4B-EAE4-78859E549554">
<hideElementsInCurrentOnly>false</hideElementsInCurrentOnly>
<bounds x="54" y="379" width="301" height="157"/>
</OView>
<OView class="oracle.dbtools.crest.swingui.relational.TVTable" oid="F8339144-8B7C-4691-51CA-802CDE421646" otype="Table" vid="762E57B3-BE7E-166F-8C8E-4D272475D84A">
<hideElementsInCurrentOnly>false</hideElementsInCurrentOnly>
<bounds x="886" y="294" width="437" height="418"/>
</OView>
<OView class="oracle.dbtools.crest.swingui.relational.TVTable" oid="FE96F4B9-69A7-788B-C292-CBAD1A2CC002" otype="Table" vid="1F5860FB-AE44-E16C-585C-85960A88E4C0">
<hideElementsInCurrentOnly>false</hideElementsInCurrentOnly>
<bounds x="1437" y="658" width="318" height="123"/>
</OView>
</objectViews>
<connectors>
<Connector class="oracle.dbtools.crest.swingui.relational.TVFKRelation" oid="033EA8E9-22AF-6D5F-7185-B024E5223B72" otype="FKIndexAssociation" vid_source="72815CAC-FA67-D353-4FDD-FFF2906CBEFC" vid_target="46662BCD-64FF-BF4B-EAE4-78859E549554">
<hideElementsInCurrentOnly>false</hideElementsInCurrentOnly>
<backgroundColor>-16777216</backgroundColor>
<lineWidth>1</lineWidth>
<points>
<point x="202" y="610"/>
<point x="202" y="536"/>
</points>
</Connector>
<Connector class="oracle.dbtools.crest.swingui.relational.TVFKRelation" oid="16C11F40-D28C-5512-BDFC-C51390A6B74A" otype="FKIndexAssociation" vid_source="A98FE456-A013-E0E9-D09C-EA1F5584C90D" vid_target="72815CAC-FA67-D353-4FDD-FFF2906CBEFC">
<hideElementsInCurrentOnly>false</hideElementsInCurrentOnly>
<backgroundColor>-16777216</backgroundColor>
<lineWidth>1</lineWidth>
<points>
<point x="196" y="833"/>
<point x="196" y="767"/>
</points>
</Connector>
<Connector class="oracle.dbtools.crest.swingui.relational.TVFKRelation" oid="54374C77-2491-86B7-A198-59D333F5D96C" otype="FKIndexAssociation" vid_source="540DD596-E22F-7B08-C810-FF564A82D0C2" vid_target="762E57B3-BE7E-166F-8C8E-4D272475D84A">
<hideElementsInCurrentOnly>false</hideElementsInCurrentOnly>
<backgroundColor>-16777216</backgroundColor>
<lineWidth>1</lineWidth>
<points>
<point x="1402" y="345"/>
<point x="1323" y="345"/>
</points>
</Connector>
<Connector class="oracle.dbtools.crest.swingui.relational.TVFKRelation" oid="76D8557C-2060-F00F-C335-F303D15B71A1" otype="FKIndexAssociation" vid_source="D91BE4BD-A77C-BA58-A84E-AB3A94B5960A" vid_target="762E57B3-BE7E-166F-8C8E-4D272475D84A">
<hideElementsInCurrentOnly>false</hideElementsInCurrentOnly>
<backgroundColor>-16777216</backgroundColor>
<lineWidth>1</lineWidth>
<points>
<point x="1183" y="786"/>
<point x="1183" y="712"/>
</points>
</Connector>
<Connector class="oracle.dbtools.crest.swingui.relational.TVFKRelation" oid="92913D8B-DF60-0D94-442A-4BFDC515163E" otype="FKIndexAssociation" vid_source="4F9F172B-7A9F-0C7A-14AC-04A92C8F98B6" vid_target="A98FE456-A013-E0E9-D09C-EA1F5584C90D">
<hideElementsInCurrentOnly>false</hideElementsInCurrentOnly>
<backgroundColor>-16777216</backgroundColor>
<lineWidth>1</lineWidth>
<points>
<point x="417" y="912"/>
<point x="323" y="912"/>
</points>
</Connector>
<Connector class="oracle.dbtools.crest.swingui.relational.TVFKRelation" oid="9CC69E30-F21D-EEFC-174D-DC59ED7D7D8C" otype="FKIndexAssociation" vid_source="1F5860FB-AE44-E16C-585C-85960A88E4C0" vid_target="D5BB97C7-A27E-45D7-98A9-A42C94F01714">
<hideElementsInCurrentOnly>false</hideElementsInCurrentOnly>
<backgroundColor>-16777216</backgroundColor>
<lineWidth>1</lineWidth>
<points>
<point x="1596" y="658"/>
<point x="1596" y="615"/>
</points>
</Connector>
<Connector class="oracle.dbtools.crest.swingui.relational.TVFKRelation" oid="A9C1B4DA-8A45-CC2F-B6A1-55AB54B435E5" otype="FKIndexAssociation" vid_source="46662BCD-64FF-BF4B-EAE4-78859E549554" vid_target="8EB98744-12C4-6B4C-69A8-44C494D56799">
<hideElementsInCurrentOnly>false</hideElementsInCurrentOnly>
<backgroundColor>-16777216</backgroundColor>
<lineWidth>1</lineWidth>
<points>
<point x="355" y="509"/>
<point x="458" y="509"/>
</points>
</Connector>
<Connector class="oracle.dbtools.crest.swingui.relational.TVFKRelation" oid="B327FD52-8103-6EB5-60C8-5A4A23C298C5" otype="FKIndexAssociation" vid_source="46662BCD-64FF-BF4B-EAE4-78859E549554" vid_target="72A89774-9316-2EDF-7D05-B2F187C4E0C1">
<hideElementsInCurrentOnly>false</hideElementsInCurrentOnly>
<backgroundColor>-16777216</backgroundColor>
<lineWidth>1</lineWidth>
<points>
<point x="355" y="399"/>
<point x="458" y="399"/>
</points>
</Connector>
<Connector class="oracle.dbtools.crest.swingui.relational.TVFKRelation" oid="B4B1896F-98AF-DDB9-8C12-6AB4D0CC1B45" otype="FKIndexAssociation" vid_source="5520D21F-CF5D-787A-781B-A3D02B802D44" vid_target="762E57B3-BE7E-166F-8C8E-4D272475D84A">
<hideElementsInCurrentOnly>false</hideElementsInCurrentOnly>
<backgroundColor>-16777216</backgroundColor>
<lineWidth>1</lineWidth>
<points>
<point x="1192" y="204"/>
<point x="1192" y="294"/>
</points>
</Connector>
<Connector class="oracle.dbtools.crest.swingui.relational.TVFKRelation" oid="CC26E392-1173-3B2A-5CCB-CFAE39299F57" otype="FKIndexAssociation" vid_source="5520D21F-CF5D-787A-781B-A3D02B802D44" vid_target="762E57B3-BE7E-166F-8C8E-4D272475D84A">
<hideElementsInCurrentOnly>false</hideElementsInCurrentOnly>
<backgroundColor>-16777216</backgroundColor>
<lineWidth>1</lineWidth>
<points>
<point x="1207" y="204"/>
<point x="1207" y="294"/>
</points>
</Connector>
<Connector class="oracle.dbtools.crest.swingui.relational.TVFKRelation" oid="D82F7A67-FB85-6E7A-9D2B-372323E2BBA7" otype="FKIndexAssociation" vid_source="5520D21F-CF5D-787A-781B-A3D02B802D44" vid_target="762E57B3-BE7E-166F-8C8E-4D272475D84A">
<hideElementsInCurrentOnly>false</hideElementsInCurrentOnly>
<backgroundColor>-16777216</backgroundColor>
<lineWidth>1</lineWidth>
<points>
<point x="1177" y="204"/>
<point x="1177" y="294"/>
</points>
</Connector>
<Connector class="oracle.dbtools.crest.swingui.relational.TVFKRelation" oid="DAC5856F-41BB-236A-56A5-E2E097E0D862" otype="FKIndexAssociation" vid_source="2C049C22-7933-F2D7-C0FD-BD4575D96191" vid_target="4F9F172B-7A9F-0C7A-14AC-04A92C8F98B6">
<hideElementsInCurrentOnly>false</hideElementsInCurrentOnly>
<backgroundColor>-16777216</backgroundColor>
<lineWidth>1</lineWidth>
<points>
<point x="745" y="919"/>
<point x="670" y="919"/>
</points>
</Connector>
<Connector class="oracle.dbtools.crest.swingui.relational.TVFKRelation" oid="E12A3489-0E01-CA22-5E83-07F794F498C3" otype="FKIndexAssociation" vid_source="72A89774-9316-2EDF-7D05-B2F187C4E0C1" vid_target="762E57B3-BE7E-166F-8C8E-4D272475D84A">
<hideElementsInCurrentOnly>false</hideElementsInCurrentOnly>
<backgroundColor>-16777216</backgroundColor>
<lineWidth>1</lineWidth>
<points>
<point x="796" y="356"/>
<point x="886" y="356"/>
</points>
</Connector>
<Connector class="oracle.dbtools.crest.swingui.relational.TVFKRelation" oid="F3498B6C-E717-B143-EE5A-5CA41A6D3D43" otype="FKIndexAssociation" vid_source="8EB98744-12C4-6B4C-69A8-44C494D56799" vid_target="762E57B3-BE7E-166F-8C8E-4D272475D84A">
<hideElementsInCurrentOnly>false</hideElementsInCurrentOnly>
<backgroundColor>-16777216</backgroundColor>
<lineWidth>1</lineWidth>
<points>
<point x="733" y="574"/>
<point x="886" y="574"/>
</points>
</Connector>
<Connector class="oracle.dbtools.crest.swingui.relational.TVFKRelation" oid="FF31116E-619D-C049-E8F2-1B87A8622A67" otype="FKIndexAssociation" vid_source="D5BB97C7-A27E-45D7-98A9-A42C94F01714" vid_target="540DD596-E22F-7B08-C810-FF564A82D0C2">
<hideElementsInCurrentOnly>false</hideElementsInCurrentOnly>
<backgroundColor>-16777216</backgroundColor>
<lineWidth>1</lineWidth>
<points>
<point x="1590" y="442"/>
<point x="1590" y="397"/>
</points>
</Connector>
</connectors>
</Diagram>