<?xml version = '1.0' encoding = 'UTF-8'?>
<TableProxyOraclev12c class="oracle.dbtools.crest.model.design.storage.oracle.v12c.TableProxyOraclev12c" name="DIM_CLIENTE" directorySegmentName="seg_0" id="09ADE77E-5009-24B0-EE32-BFB12F31C794">
<createdBy>axel.chepanski</createdBy>
<createdTime>2025-04-04 13:50:14 UTC</createdTime>
<ownerDesignName>modelagem_snowflake</ownerDesignName>
<schemaObject>5BC418C1-74CB-7FFB-17D5-FA20A8622766</schemaObject>
<logging>YES</logging>
<partitionedRowMovement>DISABLE</partitionedRowMovement>
<segment>2AC7F04E-2D34-63EA-9D79-F14AF75975D4</segment>
<tableSpace>22A91084-2DA2-CE6D-3B7E-604B736CD1DA</tableSpace>
<temporaryChanged>false</temporaryChanged>
<accessDriverType>oracle_loader</accessDriverType>
<rejectLimit></rejectLimit>
<inMemory>NO</inMemory>
<columnProxies itemClass="oracle.dbtools.crest.model.design.storage.oracle.v12c.ColumnProxyOraclev12c">
<ColumnProxy name="NR_CLIENTE" id="052D86CD-34A6-1F0B-61BC-DB290C265A37">
<createdBy>axel.chepanski</createdBy>
<createdTime>2025-04-04 13:50:14 UTC</createdTime>
<ownerDesignName>modelagem_snowflake</ownerDesignName>
</ColumnProxy>
<ColumnProxy name="NR_ESTRELAS" id="150B04BB-B574-BB8D-5A2C-C066355BD93E">
<createdBy>axel.chepanski</createdBy>
<createdTime>2025-04-04 13:50:14 UTC</createdTime>
<ownerDesignName>modelagem_snowflake</ownerDesignName>
</ColumnProxy>
<ColumnProxy name="FK_DIM_CLIENTE" id="53E38D28-D8F3-E888-55C4-3F6D62BE2102">
<createdBy>axel.chepanski</createdBy>
<createdTime>2025-04-04 13:50:14 UTC</createdTime>
<ownerDesignName>modelagem_snowflake</ownerDesignName>
<autoIncrementDDL>IDENTITY_CLAUSE</autoIncrementDDL>
</ColumnProxy>
<ColumnProxy name="ID_LOGRADOURO" id="7B56CECD-49E8-7271-7DC7-7C8C3D6DA73F">
<createdBy>axel.chepanski</createdBy>
<createdTime>2025-04-04 13:50:14 UTC</createdTime>
<ownerDesignName>modelagem_snowflake</ownerDesignName>
</ColumnProxy>
<ColumnProxy name="ST_CLIENTE" id="B1F4D0C8-BD54-52B3-D3AB-EB391E741C70">
<createdBy>axel.chepanski</createdBy>
<createdTime>2025-04-04 13:50:14 UTC</createdTime>
<ownerDesignName>modelagem_snowflake</ownerDesignName>
</ColumnProxy>
<ColumnProxy name="DT_NASCIMENTO" id="C65F4FF7-4BB4-4F86-8D4E-F6C0E76AF06C">
<createdBy>axel.chepanski</createdBy>
<createdTime>2025-04-04 13:50:14 UTC</createdTime>
<ownerDesignName>modelagem_snowflake</ownerDesignName>
</ColumnProxy>
<ColumnProxy name="NOME_CLIENTE" id="E53DB31B-51CC-4E79-5A7C-2612428B04BE">
<createdBy>axel.chepanski</createdBy>
<createdTime>2025-04-04 13:50:14 UTC</createdTime>
<ownerDesignName>modelagem_snowflake</ownerDesignName>
</ColumnProxy>
</columnProxies>
<indexProxies>
<IndexProxy class="oracle.dbtools.crest.model.design.storage.oracle.v10g.IndexProxyOraclev10g" name="PK_DIM_CLIENTE" id="B6415CC5-CBF2-75CC-1CB8-C3B8C0A3F880">
<createdBy>axel.chepanski</createdBy>
<createdTime>2025-04-04 13:50:16 UTC</createdTime>
<ownerDesignName>modelagem_snowflake</ownerDesignName>
<schemaObject>5BC418C1-74CB-7FFB-17D5-FA20A8622766</schemaObject>
<segment>EE402E88-BD42-DAAE-2F7E-7DFE45E6C615</segment>
<tableSpace>22A91084-2DA2-CE6D-3B7E-604B736CD1DA</tableSpace>
</IndexProxy>
</indexProxies>
<foreignKeys>
<ForeignKey class="oracle.dbtools.crest.model.design.storage.oracle.v10g.FKProxyOraclev10g" name="FK_CLIENTE_LOGRADOURO" id="37CEDF17-61E2-3C35-EE41-D8CE602E1FA5">
<createdBy>axel.chepanski</createdBy>
<createdTime>2025-04-04 13:50:41 UTC</createdTime>
<ownerDesignName>modelagem_snowflake</ownerDesignName>
</ForeignKey>
</foreignKeys>
<primaryKeys>
<PrimaryKey class="oracle.dbtools.crest.model.design.storage.oracle.v10g.PKProxyOraclev10g" name="PK_DIM_CLIENTE" id="9BCA756A-67A4-214A-E62F-30A222A75443">
<createdBy>axel.chepanski</createdBy>
<createdTime>2025-04-04 13:50:28 UTC</createdTime>
<ownerDesignName>modelagem_snowflake</ownerDesignName>
<segment>EE402E88-BD42-DAAE-2F7E-7DFE45E6C615</segment>
<tableSpace>22A91084-2DA2-CE6D-3B7E-604B736CD1DA</tableSpace>
<existingIndex>B6415CC5-CBF2-75CC-1CB8-C3B8C0A3F880</existingIndex>
<indexSegment>EE402E88-BD42-DAAE-2F7E-7DFE45E6C615</indexSegment>
<indexSort>SORTED</indexSort>
<usingIndex>BY INDEX NAME</usingIndex>
</PrimaryKey>
</primaryKeys>
</TableProxyOraclev12c>