<?xml version = '1.0' encoding = 'UTF-8'?>
<TableProxyOraclev12c class="oracle.dbtools.crest.model.design.storage.oracle.v12c.TableProxyOraclev12c" name="DIM_REGIAO" directorySegmentName="seg_0" id="2EE6D9E4-E27A-5A82-48BF-B560942C8558">
<createdBy>axel.chepanski</createdBy>
<createdTime>2025-04-04 13:50:13 UTC</createdTime>
<ownerDesignName>modelagem_snowflake</ownerDesignName>
<schemaObject>5BC418C1-74CB-7FFB-17D5-FA20A8622766</schemaObject>
<logging>YES</logging>
<partitionedRowMovement>DISABLE</partitionedRowMovement>
<segment>2AC7F04E-2D34-63EA-9D79-F14AF75975D4</segment>
<tableSpace>22A91084-2DA2-CE6D-3B7E-604B736CD1DA</tableSpace>
<temporaryChanged>false</temporaryChanged>
<accessDriverType>oracle_loader</accessDriverType>
<rejectLimit></rejectLimit>
<inMemory>NO</inMemory>
<columnProxies itemClass="oracle.dbtools.crest.model.design.storage.oracle.v12c.ColumnProxyOraclev12c">
<ColumnProxy name="NOME_REGIAO" id="179FF083-0CC8-2C83-2A5E-F4E8E8CB9561">
<createdBy>axel.chepanski</createdBy>
<createdTime>2025-04-04 13:50:14 UTC</createdTime>
<ownerDesignName>modelagem_snowflake</ownerDesignName>
</ColumnProxy>
<ColumnProxy name="FK_DIM_REGIAO" id="5210C59F-A021-D5B5-2D0B-621B402C2F45">
<createdBy>axel.chepanski</createdBy>
<createdTime>2025-04-04 13:50:14 UTC</createdTime>
<ownerDesignName>modelagem_snowflake</ownerDesignName>
<autoIncrementDDL>IDENTITY_CLAUSE</autoIncrementDDL>
</ColumnProxy>
</columnProxies>
<indexProxies>
<IndexProxy class="oracle.dbtools.crest.model.design.storage.oracle.v10g.IndexProxyOraclev10g" name="PK_DIM_REGIAO" id="B2D2BCB0-58AB-CBBE-8C60-72ECAD54F184">
<createdBy>axel.chepanski</createdBy>
<createdTime>2025-04-04 13:50:16 UTC</createdTime>
<ownerDesignName>modelagem_snowflake</ownerDesignName>
<schemaObject>5BC418C1-74CB-7FFB-17D5-FA20A8622766</schemaObject>
<segment>EE402E88-BD42-DAAE-2F7E-7DFE45E6C615</segment>
<tableSpace>22A91084-2DA2-CE6D-3B7E-604B736CD1DA</tableSpace>
</IndexProxy>
</indexProxies>
<primaryKeys>
<PrimaryKey class="oracle.dbtools.crest.model.design.storage.oracle.v10g.PKProxyOraclev10g" name="PK_DIM_REGIAO" id="79801069-D7FD-3C55-F14D-B9E619C4BD52">
<createdBy>axel.chepanski</createdBy>
<createdTime>2025-04-04 13:50:28 UTC</createdTime>
<ownerDesignName>modelagem_snowflake</ownerDesignName>
<segment>EE402E88-BD42-DAAE-2F7E-7DFE45E6C615</segment>
<tableSpace>22A91084-2DA2-CE6D-3B7E-604B736CD1DA</tableSpace>
<existingIndex>B2D2BCB0-58AB-CBBE-8C60-72ECAD54F184</existingIndex>
<indexSegment>EE402E88-BD42-DAAE-2F7E-7DFE45E6C615</indexSegment>
<indexSort>SORTED</indexSort>
<usingIndex>BY INDEX NAME</usingIndex>
</PrimaryKey>
</primaryKeys>
</TableProxyOraclev12c>