<?xml version = '1.0' encoding = 'UTF-8'?>
<TableProxyOraclev12c class="oracle.dbtools.crest.model.design.storage.oracle.v12c.TableProxyOraclev12c" name="DIM_PRODUTO" directorySegmentName="seg_0" id="ABA7AF44-4C50-237E-D72F-B4CCE3163271">
<createdBy>axel.chepanski</createdBy>
<createdTime>2025-04-04 13:50:13 UTC</createdTime>
<ownerDesignName>modelagem_snowflake</ownerDesignName>
<schemaObject>5BC418C1-74CB-7FFB-17D5-FA20A8622766</schemaObject>
<logging>YES</logging>
<partitionedRowMovement>DISABLE</partitionedRowMovement>
<segment>2AC7F04E-2D34-63EA-9D79-F14AF75975D4</segment>
<tableSpace>22A91084-2DA2-CE6D-3B7E-604B736CD1DA</tableSpace>
<temporaryChanged>false</temporaryChanged>
<accessDriverType>oracle_loader</accessDriverType>
<rejectLimit></rejectLimit>
<inMemory>NO</inMemory>
<columnProxies itemClass="oracle.dbtools.crest.model.design.storage.oracle.v12c.ColumnProxyOraclev12c">
<ColumnProxy name="FK_DIM_PRODUTO" id="40423750-C8F6-79FB-1144-EAAC7983B660">
<createdBy>axel.chepanski</createdBy>
<createdTime>2025-04-04 13:50:14 UTC</createdTime>
<ownerDesignName>modelagem_snowflake</ownerDesignName>
<autoIncrementDDL>IDENTITY_CLAUSE</autoIncrementDDL>
</ColumnProxy>
<ColumnProxy name="ID_SUBCATEGORIA" id="78B004F9-2CF4-0955-F027-0825173475A8">
<createdBy>axel.chepanski</createdBy>
<createdTime>2025-04-04 13:50:14 UTC</createdTime>
<ownerDesignName>modelagem_snowflake</ownerDesignName>
</ColumnProxy>
<ColumnProxy name="NOME_PRODUTO" id="7950C729-6C4C-CCB6-28E4-EB9E97B3E7A9">
<createdBy>axel.chepanski</createdBy>
<createdTime>2025-04-04 13:50:14 UTC</createdTime>
<ownerDesignName>modelagem_snowflake</ownerDesignName>
</ColumnProxy>
<ColumnProxy name="EMBALAGEM" id="B5C58585-0BC6-A45F-57EE-A70116F4DB85">
<createdBy>axel.chepanski</createdBy>
<createdTime>2025-04-04 13:50:14 UTC</createdTime>
<ownerDesignName>modelagem_snowflake</ownerDesignName>
</ColumnProxy>
</columnProxies>
<indexProxies>
<IndexProxy class="oracle.dbtools.crest.model.design.storage.oracle.v10g.IndexProxyOraclev10g" name="PK_DIM_PRODUTO" id="406B87CB-DF06-BA38-0B58-F1506FDDF280">
<createdBy>axel.chepanski</createdBy>
<createdTime>2025-04-04 13:50:16 UTC</createdTime>
<ownerDesignName>modelagem_snowflake</ownerDesignName>
<schemaObject>5BC418C1-74CB-7FFB-17D5-FA20A8622766</schemaObject>
<segment>EE402E88-BD42-DAAE-2F7E-7DFE45E6C615</segment>
<tableSpace>22A91084-2DA2-CE6D-3B7E-604B736CD1DA</tableSpace>
</IndexProxy>
</indexProxies>
<foreignKeys>
<ForeignKey class="oracle.dbtools.crest.model.design.storage.oracle.v10g.FKProxyOraclev10g" name="FK_PRODUTO_SUBCATEGORIA" id="02F6EABA-9255-5A9B-097E-6CC2379BE85B">
<createdBy>axel.chepanski</createdBy>
<createdTime>2025-04-04 13:50:41 UTC</createdTime>
<ownerDesignName>modelagem_snowflake</ownerDesignName>
</ForeignKey>
</foreignKeys>
<primaryKeys>
<PrimaryKey class="oracle.dbtools.crest.model.design.storage.oracle.v10g.PKProxyOraclev10g" name="PK_DIM_PRODUTO" id="9550CBA8-0521-D03E-BA76-E5E75EA8D3E8">
<createdBy>axel.chepanski</createdBy>
<createdTime>2025-04-04 13:50:28 UTC</createdTime>
<ownerDesignName>modelagem_snowflake</ownerDesignName>
<segment>EE402E88-BD42-DAAE-2F7E-7DFE45E6C615</segment>
<tableSpace>22A91084-2DA2-CE6D-3B7E-604B736CD1DA</tableSpace>
<existingIndex>406B87CB-DF06-BA38-0B58-F1506FDDF280</existingIndex>
<indexSegment>EE402E88-BD42-DAAE-2F7E-7DFE45E6C615</indexSegment>
<indexSort>SORTED</indexSort>
<usingIndex>BY INDEX NAME</usingIndex>
</PrimaryKey>
</primaryKeys>
</TableProxyOraclev12c>