<?xml version = '1.0' encoding = 'UTF-8'?>
<TableProxyOraclev12c class="oracle.dbtools.crest.model.design.storage.oracle.v12c.TableProxyOraclev12c" name="DIM_CATEGORIA" directorySegmentName="seg_0" id="FE96F4B9-69A7-788B-C292-CBAD1A2CC002">
<createdBy>axel.chepanski</createdBy>
<createdTime>2025-04-04 13:50:13 UTC</createdTime>
<ownerDesignName>modelagem_snowflake</ownerDesignName>
<schemaObject>5BC418C1-74CB-7FFB-17D5-FA20A8622766</schemaObject>
<logging>YES</logging>
<partitionedRowMovement>DISABLE</partitionedRowMovement>
<segment>2AC7F04E-2D34-63EA-9D79-F14AF75975D4</segment>
<tableSpace>22A91084-2DA2-CE6D-3B7E-604B736CD1DA</tableSpace>
<temporaryChanged>false</temporaryChanged>
<accessDriverType>oracle_loader</accessDriverType>
<rejectLimit></rejectLimit>
<inMemory>NO</inMemory>
<columnProxies itemClass="oracle.dbtools.crest.model.design.storage.oracle.v12c.ColumnProxyOraclev12c">
<ColumnProxy name="NR_AVALIACAO_CATEGORIA" id="10BDEC5A-3466-8558-62A5-34B6BB1DA844">
<createdBy>axel.chepanski</createdBy>
<createdTime>2025-04-04 13:50:14 UTC</createdTime>
<ownerDesignName>modelagem_snowflake</ownerDesignName>
</ColumnProxy>
<ColumnProxy name="FK_DIM_CATEGORIA" id="5BE55102-8AA3-21DD-19BE-D8ABC4CE4962">
<createdBy>axel.chepanski</createdBy>
<createdTime>2025-04-04 13:50:14 UTC</createdTime>
<ownerDesignName>modelagem_snowflake</ownerDesignName>
<autoIncrementDDL>IDENTITY_CLAUSE</autoIncrementDDL>
</ColumnProxy>
<ColumnProxy name="ST_CATEGORIA" id="E6546DFB-5B67-0BDB-F41E-36AF42B52D0A">
<createdBy>axel.chepanski</createdBy>
<createdTime>2025-04-04 13:50:14 UTC</createdTime>
<ownerDesignName>modelagem_snowflake</ownerDesignName>
</ColumnProxy>
<ColumnProxy name="NOME_CATEGORIA" id="E8866014-FBA7-B157-633A-8A8E54B58B11">
<createdBy>axel.chepanski</createdBy>
<createdTime>2025-04-04 13:50:14 UTC</createdTime>
<ownerDesignName>modelagem_snowflake</ownerDesignName>
</ColumnProxy>
</columnProxies>
<indexProxies>
<IndexProxy class="oracle.dbtools.crest.model.design.storage.oracle.v10g.IndexProxyOraclev10g" name="PK_DIM_CATEGORIA" id="827AC132-3D7E-A737-46EC-A174CBC3A1B9">
<createdBy>axel.chepanski</createdBy>
<createdTime>2025-04-04 13:50:16 UTC</createdTime>
<ownerDesignName>modelagem_snowflake</ownerDesignName>
<schemaObject>5BC418C1-74CB-7FFB-17D5-FA20A8622766</schemaObject>
<segment>EE402E88-BD42-DAAE-2F7E-7DFE45E6C615</segment>
<tableSpace>22A91084-2DA2-CE6D-3B7E-604B736CD1DA</tableSpace>
</IndexProxy>
</indexProxies>
<primaryKeys>
<PrimaryKey class="oracle.dbtools.crest.model.design.storage.oracle.v10g.PKProxyOraclev10g" name="PK_DIM_CATEGORIA" id="DB1F7523-FF47-F470-E553-DB62E95AA0D2">
<createdBy>axel.chepanski</createdBy>
<createdTime>2025-04-04 13:50:28 UTC</createdTime>
<ownerDesignName>modelagem_snowflake</ownerDesignName>
<segment>EE402E88-BD42-DAAE-2F7E-7DFE45E6C615</segment>
<tableSpace>22A91084-2DA2-CE6D-3B7E-604B736CD1DA</tableSpace>
<existingIndex>827AC132-3D7E-A737-46EC-A174CBC3A1B9</existingIndex>
<indexSegment>EE402E88-BD42-DAAE-2F7E-7DFE45E6C615</indexSegment>
<indexSort>SORTED</indexSort>
<usingIndex>BY INDEX NAME</usingIndex>
</PrimaryKey>
</primaryKeys>
</TableProxyOraclev12c>